dataset_A,dataset_B,field,is_join_key
MASTER,PDE,BENE_ID,True
MASTER,DME,BENE_ID,True
MASTER,DME,BETOS_CD,False
MASTER,DME,CARR_CLM_CASH_DDCTBL_APLD_AMT,False
MASTER,DME,CARR_CLM_ENTRY_CD,False
MASTER,DME,CARR_CLM_HCPCS_YR_CD,False
MASTER,DME,CARR_CLM_PMT_DNL_CD,False
MASTER,DME,CARR_CLM_PRMRY_PYR_PD_AMT,False
MASTER,DME,CARR_CLM_PRVDR_ASGNMT_IND_SW,False
MASTER,DME,CARR_NUM,False
MASTER,DME,CLM_CLNCL_TRIL_NUM,False
MASTER,DME,CLM_DISP_CD,False
MASTER,DME,CLM_FROM_DT,False
MASTER,DME,CLM_ID,True
MASTER,DME,CLM_PMT_AMT,False
MASTER,DME,CLM_THRU_DT,False
MASTER,DME,HCPCS_1ST_MDFR_CD,False
MASTER,DME,HCPCS_2ND_MDFR_CD,False
MASTER,DME,HCPCS_CD,False
MASTER,DME,ICD_DGNS_CD1,False
MASTER,DME,ICD_DGNS_CD10,False
MASTER,DME,ICD_DGNS_CD11,False
MASTER,DME,ICD_DGNS_CD12,False
MASTER,DME,ICD_DGNS_CD2,False
MASTER,DME,ICD_DGNS_CD3,False
MASTER,DME,ICD_DGNS_CD4,False
MASTER,DME,ICD_DGNS_CD5,False
MASTER,DME,ICD_DGNS_CD6,False
MASTER,DME,ICD_DGNS_CD7,False
MASTER,DME,ICD_DGNS_CD8,False
MASTER,DME,ICD_DGNS_CD9,False
MASTER,DME,ICD_DGNS_VRSN_CD1,False
MASTER,DME,ICD_DGNS_VRSN_CD10,False
MASTER,DME,ICD_DGNS_VRSN_CD11,False
MASTER,DME,ICD_DGNS_VRSN_CD12,False
MASTER,DME,ICD_DGNS_VRSN_CD2,False
MASTER,DME,ICD_DGNS_VRSN_CD3,False
MASTER,DME,ICD_DGNS_VRSN_CD4,False
MASTER,DME,ICD_DGNS_VRSN_CD5,False
MASTER,DME,ICD_DGNS_VRSN_CD6,False
MASTER,DME,ICD_DGNS_VRSN_CD7,False
MASTER,DME,ICD_DGNS_VRSN_CD8,False
MASTER,DME,ICD_DGNS_VRSN_CD9,False
MASTER,DME,LINE_1ST_EXPNS_DT,False
MASTER,DME,LINE_ALOWD_CHRG_AMT,False
MASTER,DME,LINE_BENE_PMT_AMT,False
MASTER,DME,LINE_BENE_PRMRY_PYR_CD,False
MASTER,DME,LINE_BENE_PRMRY_PYR_PD_AMT,False
MASTER,DME,LINE_BENE_PTB_DDCTBL_AMT,False
MASTER,DME,LINE_CMS_TYPE_SRVC_CD,False
MASTER,DME,LINE_HCT_HGB_RSLT_NUM,False
MASTER,DME,LINE_ICD_DGNS_VRSN_CD,False
MASTER,DME,LINE_LAST_EXPNS_DT,False
MASTER,DME,LINE_NCH_PMT_AMT,False
MASTER,DME,LINE_NDC_CD,False
MASTER,DME,LINE_NUM,False
MASTER,DME,LINE_PLACE_OF_SRVC_CD,False
MASTER,DME,LINE_PMT_80_100_CD,False
MASTER,DME,LINE_PRCSG_IND_CD,False
MASTER,DME,LINE_PRVDR_PMT_AMT,False
MASTER,DME,LINE_SBMTD_CHRG_AMT,False
MASTER,DME,LINE_SERVICE_DEDUCTIBLE,False
MASTER,DME,LINE_SRVC_CNT,False
MASTER,DME,NCH_CARR_CLM_ALOWD_AMT,False
MASTER,DME,NCH_CARR_CLM_SBMTD_CHRG_AMT,False
MASTER,DME,NCH_CLM_BENE_PMT_AMT,False
MASTER,DME,NCH_CLM_PRVDR_PMT_AMT,False
MASTER,DME,NCH_CLM_TYPE_CD,False
MASTER,DME,NCH_NEAR_LINE_REC_IDENT_CD,False
MASTER,DME,NCH_WKLY_PROC_DT,False
MASTER,DME,PRNCPAL_DGNS_CD,False
MASTER,DME,PRNCPAL_DGNS_VRSN_CD,False
MASTER,DME,PRTCPTNG_IND_CD,False
MASTER,DME,PRVDR_NUM,True
MASTER,DME,PRVDR_SPCLTY,False
MASTER,DME,PRVDR_STATE_CD,False
MASTER,DME,RFR_PHYSN_NPI,False
MASTER,DME,RFR_PHYSN_UPIN,False
MASTER,DME,TAX_NUM,False
MASTER,HHA,AT_PHYSN_NPI,False
MASTER,HHA,AT_PHYSN_UPIN,False
MASTER,HHA,BENE_ID,True
MASTER,HHA,CLAIM_QUERY_CODE,False
MASTER,HHA,CLM_ADMSN_DT,False
MASTER,HHA,CLM_FAC_TYPE_CD,False
MASTER,HHA,CLM_FREQ_CD,False
MASTER,HHA,CLM_FROM_DT,False
MASTER,HHA,CLM_ID,True
MASTER,HHA,CLM_LINE_NUM,False
MASTER,HHA,CLM_MDCR_NON_PMT_RSN_CD,False
MASTER,HHA,CLM_PMT_AMT,False
MASTER,HHA,CLM_PPS_IND_CD,False
MASTER,HHA,CLM_SRVC_CLSFCTN_TYPE_CD,False
MASTER,HHA,CLM_THRU_DT,False
MASTER,HHA,CLM_TOT_CHRG_AMT,False
MASTER,HHA,FI_CLM_PROC_DT,False
MASTER,HHA,FI_NUM,False
MASTER,HHA,FST_DGNS_E_CD,False
MASTER,HHA,HCPCS_1ST_MDFR_CD,False
MASTER,HHA,HCPCS_2ND_MDFR_CD,False
MASTER,HHA,HCPCS_CD,False
MASTER,HHA,ICD_DGNS_CD1,False
MASTER,HHA,ICD_DGNS_CD10,False
MASTER,HHA,ICD_DGNS_CD11,False
MASTER,HHA,ICD_DGNS_CD12,False
MASTER,HHA,ICD_DGNS_CD13,False
MASTER,HHA,ICD_DGNS_CD14,False
MASTER,HHA,ICD_DGNS_CD15,False
MASTER,HHA,ICD_DGNS_CD16,False
MASTER,HHA,ICD_DGNS_CD17,False
MASTER,HHA,ICD_DGNS_CD18,False
MASTER,HHA,ICD_DGNS_CD19,False
MASTER,HHA,ICD_DGNS_CD2,False
MASTER,HHA,ICD_DGNS_CD20,False
MASTER,HHA,ICD_DGNS_CD21,False
MASTER,HHA,ICD_DGNS_CD22,False
MASTER,HHA,ICD_DGNS_CD23,False
MASTER,HHA,ICD_DGNS_CD24,False
MASTER,HHA,ICD_DGNS_CD25,False
MASTER,HHA,ICD_DGNS_CD3,False
MASTER,HHA,ICD_DGNS_CD4,False
MASTER,HHA,ICD_DGNS_CD5,False
MASTER,HHA,ICD_DGNS_CD6,False
MASTER,HHA,ICD_DGNS_CD7,False
MASTER,HHA,ICD_DGNS_CD8,False
MASTER,HHA,ICD_DGNS_CD9,False
MASTER,HHA,ICD_DGNS_E_CD1,False
MASTER,HHA,ICD_DGNS_E_CD10,False
MASTER,HHA,ICD_DGNS_E_CD11,False
MASTER,HHA,ICD_DGNS_E_CD12,False
MASTER,HHA,ICD_DGNS_E_CD2,False
MASTER,HHA,ICD_DGNS_E_CD3,False
MASTER,HHA,ICD_DGNS_E_CD4,False
MASTER,HHA,ICD_DGNS_E_CD5,False
MASTER,HHA,ICD_DGNS_E_CD6,False
MASTER,HHA,ICD_DGNS_E_CD7,False
MASTER,HHA,ICD_DGNS_E_CD8,False
MASTER,HHA,ICD_DGNS_E_CD9,False
MASTER,HHA,NCH_CLM_TYPE_CD,False
MASTER,HHA,NCH_NEAR_LINE_REC_IDENT_CD,False
MASTER,HHA,NCH_PRMRY_PYR_CD,False
MASTER,HHA,NCH_PRMRY_PYR_CLM_PD_AMT,False
MASTER,HHA,NCH_WKLY_PROC_DT,False
MASTER,HHA,ORG_NPI_NUM,False
MASTER,HHA,PRNCPAL_DGNS_CD,False
MASTER,HHA,PRVDR_NUM,True
MASTER,HHA,PRVDR_STATE_CD,False
MASTER,HHA,PTNT_DSCHRG_STUS_CD,False
MASTER,HHA,REV_CNTR,False
MASTER,HHA,REV_CNTR_1ST_ANSI_CD,False
MASTER,HHA,REV_CNTR_APC_HIPPS_CD,False
MASTER,HHA,REV_CNTR_DDCTBL_COINSRNC_CD,False
MASTER,HHA,REV_CNTR_DT,False
MASTER,HHA,REV_CNTR_NCVRD_CHRG_AMT,False
MASTER,HHA,REV_CNTR_NDC_QTY,False
MASTER,HHA,REV_CNTR_NDC_QTY_QLFR_CD,False
MASTER,HHA,REV_CNTR_PMT_AMT_AMT,False
MASTER,HHA,REV_CNTR_PMT_MTHD_IND_CD,False
MASTER,HHA,REV_CNTR_RATE_AMT,False
MASTER,HHA,REV_CNTR_STUS_IND_CD,False
MASTER,HHA,REV_CNTR_TOT_CHRG_AMT,False
MASTER,HHA,REV_CNTR_UNIT_CNT,False
MASTER,HHA,RNDRNG_PHYSN_NPI,False
MASTER,HHA,RNDRNG_PHYSN_UPIN,False
MASTER,SNF,ADMTG_DGNS_CD,False
MASTER,SNF,AT_PHYSN_NPI,False
MASTER,SNF,AT_PHYSN_UPIN,False
MASTER,SNF,BENE_ID,True
MASTER,SNF,BENE_TOT_COINSRNC_DAYS_CNT,False
MASTER,SNF,CLAIM_QUERY_CODE,False
MASTER,SNF,CLM_ADMSN_DT,False
MASTER,SNF,CLM_DRG_CD,False
MASTER,SNF,CLM_FAC_TYPE_CD,False
MASTER,SNF,CLM_FREQ_CD,False
MASTER,SNF,CLM_FROM_DT,False
MASTER,SNF,CLM_ID,True
MASTER,SNF,CLM_IP_ADMSN_TYPE_CD,False
MASTER,SNF,CLM_LINE_NUM,False
MASTER,SNF,CLM_MCO_PD_SW,False
MASTER,SNF,CLM_MDCR_NON_PMT_RSN_CD,False
MASTER,SNF,CLM_NON_UTLZTN_DAYS_CNT,False
MASTER,SNF,CLM_PMT_AMT,False
MASTER,SNF,CLM_PPS_CPTL_DSPRPRTNT_SHR_AMT,False
MASTER,SNF,CLM_PPS_CPTL_EXCPTN_AMT,False
MASTER,SNF,CLM_PPS_CPTL_FSP_AMT,False
MASTER,SNF,CLM_PPS_CPTL_IME_AMT,False
MASTER,SNF,CLM_PPS_CPTL_OUTLIER_AMT,False
MASTER,SNF,CLM_PPS_IND_CD,False
MASTER,SNF,CLM_PPS_OLD_CPTL_HLD_HRMLS_AMT,False
MASTER,SNF,CLM_SRC_IP_ADMSN_CD,False
MASTER,SNF,CLM_SRVC_CLSFCTN_TYPE_CD,False
MASTER,SNF,CLM_THRU_DT,False
MASTER,SNF,CLM_TOT_CHRG_AMT,False
MASTER,SNF,CLM_UTLZTN_DAY_CNT,False
MASTER,SNF,FI_CLM_ACTN_CD,False
MASTER,SNF,FI_CLM_PROC_DT,False
MASTER,SNF,FI_NUM,False
MASTER,SNF,FST_DGNS_E_CD,False
MASTER,SNF,HCPCS_CD,False
MASTER,SNF,ICD_DGNS_CD1,False
MASTER,SNF,ICD_DGNS_CD10,False
MASTER,SNF,ICD_DGNS_CD11,False
MASTER,SNF,ICD_DGNS_CD12,False
MASTER,SNF,ICD_DGNS_CD13,False
MASTER,SNF,ICD_DGNS_CD14,False
MASTER,SNF,ICD_DGNS_CD15,False
MASTER,SNF,ICD_DGNS_CD16,False
MASTER,SNF,ICD_DGNS_CD17,False
MASTER,SNF,ICD_DGNS_CD18,False
MASTER,SNF,ICD_DGNS_CD19,False
MASTER,SNF,ICD_DGNS_CD2,False
MASTER,SNF,ICD_DGNS_CD20,False
MASTER,SNF,ICD_DGNS_CD21,False
MASTER,SNF,ICD_DGNS_CD22,False
MASTER,SNF,ICD_DGNS_CD23,False
MASTER,SNF,ICD_DGNS_CD24,False
MASTER,SNF,ICD_DGNS_CD25,False
MASTER,SNF,ICD_DGNS_CD3,False
MASTER,SNF,ICD_DGNS_CD4,False
MASTER,SNF,ICD_DGNS_CD5,False
MASTER,SNF,ICD_DGNS_CD6,False
MASTER,SNF,ICD_DGNS_CD7,False
MASTER,SNF,ICD_DGNS_CD8,False
MASTER,SNF,ICD_DGNS_CD9,False
MASTER,SNF,ICD_DGNS_E_CD1,False
MASTER,SNF,ICD_DGNS_E_CD10,False
MASTER,SNF,ICD_DGNS_E_CD11,False
MASTER,SNF,ICD_DGNS_E_CD12,False
MASTER,SNF,ICD_DGNS_E_CD2,False
MASTER,SNF,ICD_DGNS_E_CD3,False
MASTER,SNF,ICD_DGNS_E_CD4,False
MASTER,SNF,ICD_DGNS_E_CD5,False
MASTER,SNF,ICD_DGNS_E_CD6,False
MASTER,SNF,ICD_DGNS_E_CD7,False
MASTER,SNF,ICD_DGNS_E_CD8,False
MASTER,SNF,ICD_DGNS_E_CD9,False
MASTER,SNF,ICD_PRCDR_CD1,False
MASTER,SNF,ICD_PRCDR_CD10,False
MASTER,SNF,ICD_PRCDR_CD11,False
MASTER,SNF,ICD_PRCDR_CD12,False
MASTER,SNF,ICD_PRCDR_CD13,False
MASTER,SNF,ICD_PRCDR_CD14,False
MASTER,SNF,ICD_PRCDR_CD15,False
MASTER,SNF,ICD_PRCDR_CD16,False
MASTER,SNF,ICD_PRCDR_CD17,False
MASTER,SNF,ICD_PRCDR_CD18,False
MASTER,SNF,ICD_PRCDR_CD19,False
MASTER,SNF,ICD_PRCDR_CD2,False
MASTER,SNF,ICD_PRCDR_CD20,False
MASTER,SNF,ICD_PRCDR_CD21,False
MASTER,SNF,ICD_PRCDR_CD22,False
MASTER,SNF,ICD_PRCDR_CD23,False
MASTER,SNF,ICD_PRCDR_CD24,False
MASTER,SNF,ICD_PRCDR_CD25,False
MASTER,SNF,ICD_PRCDR_CD3,False
MASTER,SNF,ICD_PRCDR_CD4,False
MASTER,SNF,ICD_PRCDR_CD5,False
MASTER,SNF,ICD_PRCDR_CD6,False
MASTER,SNF,ICD_PRCDR_CD7,False
MASTER,SNF,ICD_PRCDR_CD8,False
MASTER,SNF,ICD_PRCDR_CD9,False
MASTER,SNF,NCH_ACTV_OR_CVRD_LVL_CARE_THRU,False
MASTER,SNF,NCH_BENE_BLOOD_DDCTBL_LBLTY_AM,False
MASTER,SNF,NCH_BENE_DSCHRG_DT,False
MASTER,SNF,NCH_BENE_IP_DDCTBL_AMT,False
MASTER,SNF,NCH_BENE_MDCR_BNFTS_EXHTD_DT_I,False
MASTER,SNF,NCH_BENE_PTA_COINSRNC_LBLTY_AM,False
MASTER,SNF,NCH_BLOOD_PNTS_FRNSHD_QTY,False
MASTER,SNF,NCH_CLM_TYPE_CD,False
MASTER,SNF,NCH_IP_NCVRD_CHRG_AMT,False
MASTER,SNF,NCH_IP_TOT_DDCTN_AMT,False
MASTER,SNF,NCH_NEAR_LINE_REC_IDENT_CD,False
MASTER,SNF,NCH_PRMRY_PYR_CD,False
MASTER,SNF,NCH_PRMRY_PYR_CLM_PD_AMT,False
MASTER,SNF,NCH_PTNT_STATUS_IND_CD,False
MASTER,SNF,NCH_VRFD_NCVRD_STAY_FROM_DT,False
MASTER,SNF,NCH_VRFD_NCVRD_STAY_THRU_DT,False
MASTER,SNF,NCH_WKLY_PROC_DT,False
MASTER,SNF,OP_PHYSN_NPI,False
MASTER,SNF,OP_PHYSN_UPIN,False
MASTER,SNF,ORG_NPI_NUM,False
MASTER,SNF,OT_PHYSN_NPI,False
MASTER,SNF,OT_PHYSN_UPIN,False
MASTER,SNF,PRCDR_DT1,False
MASTER,SNF,PRCDR_DT10,False
MASTER,SNF,PRCDR_DT11,False
MASTER,SNF,PRCDR_DT12,False
MASTER,SNF,PRCDR_DT13,False
MASTER,SNF,PRCDR_DT14,False
MASTER,SNF,PRCDR_DT15,False
MASTER,SNF,PRCDR_DT16,False
MASTER,SNF,PRCDR_DT17,False
MASTER,SNF,PRCDR_DT18,False
MASTER,SNF,PRCDR_DT19,False
MASTER,SNF,PRCDR_DT2,False
MASTER,SNF,PRCDR_DT20,False
MASTER,SNF,PRCDR_DT21,False
MASTER,SNF,PRCDR_DT22,False
MASTER,SNF,PRCDR_DT23,False
MASTER,SNF,PRCDR_DT24,False
MASTER,SNF,PRCDR_DT25,False
MASTER,SNF,PRCDR_DT3,False
MASTER,SNF,PRCDR_DT4,False
MASTER,SNF,PRCDR_DT5,False
MASTER,SNF,PRCDR_DT6,False
MASTER,SNF,PRCDR_DT7,False
MASTER,SNF,PRCDR_DT8,False
MASTER,SNF,PRCDR_DT9,False
MASTER,SNF,PRNCPAL_DGNS_CD,False
MASTER,SNF,PRVDR_NUM,True
MASTER,SNF,PRVDR_STATE_CD,False
MASTER,SNF,PTNT_DSCHRG_STUS_CD,False
MASTER,SNF,REV_CNTR,False
MASTER,SNF,REV_CNTR_DDCTBL_COINSRNC_CD,False
MASTER,SNF,REV_CNTR_NCVRD_CHRG_AMT,False
MASTER,SNF,REV_CNTR_NDC_QTY,False
MASTER,SNF,REV_CNTR_NDC_QTY_QLFR_CD,False
MASTER,SNF,REV_CNTR_RATE_AMT,False
MASTER,SNF,REV_CNTR_TOT_CHRG_AMT,False
MASTER,SNF,REV_CNTR_UNIT_CNT,False
MASTER,SNF,RNDRNG_PHYSN_NPI,False
MASTER,SNF,RNDRNG_PHYSN_UPIN,False
MASTER,HOSPICE,AT_PHYSN_NPI,False
MASTER,HOSPICE,AT_PHYSN_UPIN,False
MASTER,HOSPICE,BENE_ID,True
MASTER,HOSPICE,CLAIM_QUERY_CODE,False
MASTER,HOSPICE,CLM_FAC_TYPE_CD,False
MASTER,HOSPICE,CLM_FREQ_CD,False
MASTER,HOSPICE,CLM_FROM_DT,False
MASTER,HOSPICE,CLM_ID,True
MASTER,HOSPICE,CLM_LINE_NUM,False
MASTER,HOSPICE,CLM_MDCR_NON_PMT_RSN_CD,False
MASTER,HOSPICE,CLM_PMT_AMT,False
MASTER,HOSPICE,CLM_SRVC_CLSFCTN_TYPE_CD,False
MASTER,HOSPICE,CLM_THRU_DT,False
MASTER,HOSPICE,CLM_TOT_CHRG_AMT,False
MASTER,HOSPICE,CLM_UTLZTN_DAY_CNT,False
MASTER,HOSPICE,FI_CLM_PROC_DT,False
MASTER,HOSPICE,FI_NUM,False
MASTER,HOSPICE,FST_DGNS_E_CD,False
MASTER,HOSPICE,HCPCS_1ST_MDFR_CD,False
MASTER,HOSPICE,HCPCS_2ND_MDFR_CD,False
MASTER,HOSPICE,HCPCS_CD,False
MASTER,HOSPICE,ICD_DGNS_CD1,False
MASTER,HOSPICE,ICD_DGNS_CD10,False
MASTER,HOSPICE,ICD_DGNS_CD11,False
MASTER,HOSPICE,ICD_DGNS_CD12,False
MASTER,HOSPICE,ICD_DGNS_CD13,False
MASTER,HOSPICE,ICD_DGNS_CD14,False
MASTER,HOSPICE,ICD_DGNS_CD15,False
MASTER,HOSPICE,ICD_DGNS_CD16,False
MASTER,HOSPICE,ICD_DGNS_CD17,False
MASTER,HOSPICE,ICD_DGNS_CD18,False
MASTER,HOSPICE,ICD_DGNS_CD19,False
MASTER,HOSPICE,ICD_DGNS_CD2,False
MASTER,HOSPICE,ICD_DGNS_CD20,False
MASTER,HOSPICE,ICD_DGNS_CD21,False
MASTER,HOSPICE,ICD_DGNS_CD22,False
MASTER,HOSPICE,ICD_DGNS_CD23,False
MASTER,HOSPICE,ICD_DGNS_CD24,False
MASTER,HOSPICE,ICD_DGNS_CD25,False
MASTER,HOSPICE,ICD_DGNS_CD3,False
MASTER,HOSPICE,ICD_DGNS_CD4,False
MASTER,HOSPICE,ICD_DGNS_CD5,False
MASTER,HOSPICE,ICD_DGNS_CD6,False
MASTER,HOSPICE,ICD_DGNS_CD7,False
MASTER,HOSPICE,ICD_DGNS_CD8,False
MASTER,HOSPICE,ICD_DGNS_CD9,False
MASTER,HOSPICE,ICD_DGNS_E_CD1,False
MASTER,HOSPICE,ICD_DGNS_E_CD10,False
MASTER,HOSPICE,ICD_DGNS_E_CD11,False
MASTER,HOSPICE,ICD_DGNS_E_CD12,False
MASTER,HOSPICE,ICD_DGNS_E_CD2,False
MASTER,HOSPICE,ICD_DGNS_E_CD3,False
MASTER,HOSPICE,ICD_DGNS_E_CD4,False
MASTER,HOSPICE,ICD_DGNS_E_CD5,False
MASTER,HOSPICE,ICD_DGNS_E_CD6,False
MASTER,HOSPICE,ICD_DGNS_E_CD7,False
MASTER,HOSPICE,ICD_DGNS_E_CD8,False
MASTER,HOSPICE,ICD_DGNS_E_CD9,False
MASTER,HOSPICE,NCH_BENE_DSCHRG_DT,False
MASTER,HOSPICE,NCH_CLM_TYPE_CD,False
MASTER,HOSPICE,NCH_NEAR_LINE_REC_IDENT_CD,False
MASTER,HOSPICE,NCH_PRMRY_PYR_CD,False
MASTER,HOSPICE,NCH_PRMRY_PYR_CLM_PD_AMT,False
MASTER,HOSPICE,NCH_PTNT_STATUS_IND_CD,False
MASTER,HOSPICE,NCH_WKLY_PROC_DT,False
MASTER,HOSPICE,ORG_NPI_NUM,False
MASTER,HOSPICE,PRNCPAL_DGNS_CD,False
MASTER,HOSPICE,PRVDR_NUM,True
MASTER,HOSPICE,PRVDR_STATE_CD,False
MASTER,HOSPICE,PTNT_DSCHRG_STUS_CD,False
MASTER,HOSPICE,REV_CNTR,False
MASTER,HOSPICE,REV_CNTR_BENE_PMT_AMT,False
MASTER,HOSPICE,REV_CNTR_DDCTBL_COINSRNC_CD,False
MASTER,HOSPICE,REV_CNTR_DT,False
MASTER,HOSPICE,REV_CNTR_NCVRD_CHRG_AMT,False
MASTER,HOSPICE,REV_CNTR_NDC_QTY,False
MASTER,HOSPICE,REV_CNTR_NDC_QTY_QLFR_CD,False
MASTER,HOSPICE,REV_CNTR_PMT_AMT_AMT,False
MASTER,HOSPICE,REV_CNTR_PRVDR_PMT_AMT,False
MASTER,HOSPICE,REV_CNTR_RATE_AMT,False
MASTER,HOSPICE,REV_CNTR_TOT_CHRG_AMT,False
MASTER,HOSPICE,REV_CNTR_UNIT_CNT,False
MASTER,HOSPICE,RNDRNG_PHYSN_NPI,False
MASTER,HOSPICE,RNDRNG_PHYSN_UPIN,False
